,rsid,chr,pos,lipideffect,lipidother,eaf,ldlbeta,ldlse,ldlp,hdlbeta,hdlse,hdlp,tgbeta,tgse,tgp,amdbeta,amdse,alzbeta,alzse,chdbeta,chdse
1,rs10903129,1,25641524,A,G,0.4631,-0.0328,0.0037,3.03E-17,-9.00E-04,0.0034,0.8594,-0.008,0.0033,0.005876,8.54E-05,0.01702666,-0.0111,0.0155,0.00804,0.00924
2,rs4660293,1,39800767,A,G,0.7639,-0.0105,0.0043,0.01233,0.0353,0.004,2.86E-18,-0.0203,0.0039,2.87E-07,0.013295985,0.019991589,-0.0181,0.0188,-0.019,0.01186
3,rs1998013,1,55730618,T,C,0.0079,-0.3806,0.022,3.02E-48,0.0354,0.0201,0.413,0.0089,0.0199,0.6569,NA,0.095900812,NA,NA,NA,NA
4,rs10493326,1,62725961,A,G,0.2467,0.0213,0.0043,1.91E-06,-0.0013,0.004,0.6732,0.0311,0.0039,2.00E-15,0.019424122,0.019694502,-0.017,0.0181,0.01467,0.01115
5,rs4587594,1,62906518,A,G,0.31,-0.0493,0.0039,1.63E-32,-0.0147,0.0036,0.0001076,-0.0694,0.0035,3.50E-82,-0.020808159,0.018357273,0.0329,0.0165,-0.01257,0.00976
6,rs6603981,1,92766395,C,T,0.1939,-0.034,0.0044,3.10E-13,-0.0039,0.0042,0.3814,-0.0072,0.004,0.1744,0.007640476,0.021474852,0.0314,0.0198,0.02809,0.01283
7,rs12133576,1,93588988,A,G,0.3549,0.0104,0.0038,0.00383,0.0243,0.0035,6.15E-11,-0.009,0.0034,0.01193,0.001179513,0.017743816,-0.0316,0.0169,-0.00587,0.00955
8,rs646776,1,109620053,T,C,0.7876,0.1602,0.0044,1.63E-272,-0.034,0.0041,2.72E-15,0.0034,0.004,0.3726,-0.013004415,0.020757901,0.007,0.0192,0.10105,0.01142
9,rs1010167,1,110000250,G,C,0.4156,0.025,0.0039,6.22E-11,-0.0044,0.0037,0.3955,0.0016,0.0035,0.8079,-0.018572481,0.017227437,0.0012,0.0175,0.0342,0.01041
10,rs267733,1,149225460,A,G,0.8628,0.0331,0.0053,5.29E-09,-0.0161,0.005,0.003584,0.0025,0.0048,0.6158,0.023987948,0.024676379,0.0409,0.0217,-0.01982,0.01426
11,rs12145743,1,154967275,G,T,0.3311,-0.0042,0.0039,0.3381,0.0203,0.0036,1.80E-08,-0.0123,0.0036,0.0005555,0.031827221,0.018040699,0.0253,0.0167,0.0034,0.01029
12,rs4650994,1,176781935,A,G,0.4828,0.0027,0.0036,0.3384,-0.021,0.0034,6.70E-09,0.0024,0.0033,0.398,0.003560726,0.016990285,0.004,0.0155,0.02868,0.00914
13,rs1689797,1,180417601,C,A,0.6979,-0.0142,0.0039,0.0004923,0.0358,0.0036,2.85E-21,-0.0106,0.0035,0.02417,0.062222431,0.018490199,-0.0058,0.0162,-0.00972,0.00982
14,rs2642438,1,219036651,A,G,0.2546,-0.0352,0.0042,7.32E-16,-0.0303,0.0039,7.78E-14,0.0172,0.0038,5.27E-06,-0.016298175,0.019489005,-0.0055,0.0186,-0.0076,0.01074
15,rs903319,1,219052434,T,C,0.723,-0.0266,0.0041,5.22E-11,-0.0103,0.0038,0.01216,0.0054,0.0037,0.1378,0.039061434,0.018971625,0.011,0.0183,0.00713,0.01041
16,rs4846914,1,228362314,A,G,0.5844,-0.0043,0.0037,0.2335,0.0479,0.0034,3.51E-41,-0.0401,0.0034,7.20E-31,-0.014284725,0.017227437,0.0077,0.0166,-0.03077,0.00952
17,rs6680658,1,228485967,A,G,0.2309,-0.0055,0.0045,0.2175,0.0232,0.0041,7.49E-08,-0.0166,0.004,1.44E-05,-0.030425385,0.020146991,-0.0095,0.0185,-0.01805,0.01118
18,rs2587534,1,232915962,G,A,0.4723,-0.0391,0.0037,8.06E-25,-0.0093,0.0034,0.00385,-0.0041,0.0033,0.2705,-0.05105715,0.017006347,-0.0174,0.0157,-0.02249,0.00941
19,rs1367117,2,21117405,A,G,0.2876,0.1186,0.004,9.48E-183,-0.0223,0.0037,7.59E-09,0.0252,0.0036,1.06E-11,-0.004897757,0.018756731,0.0057,0.0172,0.04114,0.01063
20,rs515135,2,21139562,T,C,0.2177,-0.1394,0.0048,1.09E-178,0.011,0.0044,0.009011,-0.0192,0.0044,0.0001358,0.015921096,0.020573002,0.0105,0.0201,-0.0675,0.01219
21,rs1260326,2,27584444,C,T,0.5871,-0.0206,0.0037,1.51E-07,0.0113,0.0035,0.001737,-0.1148,0.0034,2.29E-239,-0.039986987,0.017243883,8.00E-04,0.0161,0.00326,0.00962
22,rs3817588,2,27584716,T,C,0.7889,0.0255,0.0046,4.43E-07,-0.0049,0.0043,0.2297,0.0674,0.0042,1.30E-55,0.050911396,0.020804556,0.025,0.0212,0.02059,0.01139
23,rs6544713,2,43927385,C,T,0.7058,-0.0806,0.0041,4.84E-83,0.003,0.0038,0.3882,-0.0126,0.0037,0.0009604,-0.018186917,0.018631653,0.0183,0.0173,-0.05147,0.01047
24,rs4148218,2,43953086,A,G,0.1913,-0.0441,0.0047,6.76E-21,0.0029,0.0044,0.456,-0.0037,0.0042,0.2946,-0.041318075,0.021585512,0.0052,0.0198,-0.05031,0.01213
25,rs2710642,2,63003061,A,G,0.6187,0.0239,0.0038,6.09E-09,-0.0096,0.0035,0.007687,0.0065,0.0034,0.04705,0.030480926,0.017479946,0.0046,0.0162,0.02997,0.00997
26,rs17508045,2,118293189,C,T,0.0726,-0.0488,0.0066,4.91E-12,0.0085,0.0061,0.04662,0.0083,0.006,0.3995,-0.020100669,0.03271988,-0.0235,0.0284,-0.02016,0.01822
27,rs2030746,2,121025958,C,T,0.6016,-0.0214,0.0038,8.61E-09,0.0025,0.0036,0.3056,-0.0031,0.0035,0.4908,-0.008427424,0.017342032,0.0047,0.0165,-0.01218,0.00968
28,rs16831243,2,135478814,C,T,0.8193,-0.0378,0.0055,9.06E-12,-0.0114,0.0051,0.03902,6.00E-04,0.0051,0.9868,-0.015022098,0.022065461,-4.00E-04,0.0218,0.01679,0.01236
29,rs7607980,2,165259447,C,T,0.1491,-0.0065,0.0056,0.2882,0.0447,0.0052,1.81E-15,-0.0362,0.005,2.41E-12,-0.011114806,0.023836115,-5.00E-04,0.024,-0.02923,0.01492
30,rs355838,2,165327409,G,T,0.624,-0.0178,0.0038,3.05E-05,0.0191,0.0035,4.10E-07,-0.0135,0.0034,0.0001211,-0.015484711,0.017527797,-0.0113,0.0165,-0.01361,0.00957
31,rs2287623,2,169538401,G,A,0.405,0.0217,0.0037,5.40E-08,0.0112,0.0035,0.002049,-6.00E-04,0.0034,0.9201,0.001258341,0.017295278,0.021,0.0158,0.01187,0.0096
32,rs7422339,2,211248752,A,C,0.3021,0.0079,0.0042,0.1422,-0.0269,0.0039,8.73E-10,0,0.0038,0.8602,-0.031614829,0.018490199,-0.0154,0.0195,-0.02536,0.01076
33,rs1250229,2,216012629,C,T,0.7889,0.0243,0.0042,3.13E-08,-0.0034,0.0039,0.4044,0.0089,0.0038,0.01394,0.020732052,0.020804556,0.0183,0.0188,-0.03384,0.0109
34,rs1515110,2,226830460,T,G,0.6187,0.0063,0.0037,0.09362,-0.0323,0.0035,8.04E-18,0.0265,0.0034,8.54E-14,0.016713328,0.017479946,0.0109,0.0164,0.03676,0.01016
35,rs11563251,2,234344123,C,T,0.8747,-0.0345,0.0062,4.50E-08,-0.0058,0.0057,0.3648,-0.0083,0.0056,0.08257,0.010020293,0.02564534,-0.0315,0.0265,-0.01387,0.01509
36,rs9875338,3,12271469,A,G,0.3879,-0.027,0.0037,2.21E-11,-0.0073,0.0035,0.02104,-0.0144,0.0034,1.62E-05,-0.004076828,0.017423784,0.0153,0.0156,-0.00583,0.00986
37,rs7640978,3,32508014,C,T,0.8945,0.0392,0.0069,9.84E-09,-3.00E-04,0.0064,0.7222,0.0178,0.0063,0.005539,0.004032308,0.027637398,0.0136,0.0282,0.04258,0.01742
38,rs2290547,3,47036187,A,C,0.2111,6.00E-04,0.0049,0.7933,-0.0297,0.0046,3.69E-09,0.0096,0.0044,0.02213,0.011848712,0.020804556,-0.0015,0.0209,-0.02733,0.01367
39,rs2240327,3,50088038,G,A,0.5053,5.00E-04,0.0036,0.9711,0.0242,0.0034,1.11E-11,-0.0017,0.0033,0.8672,0.026260264,0.016981183,-0.0187,0.0159,-0.02521,0.00957
40,rs13326165,3,52507158,A,G,0.1873,-0.0042,0.0046,0.267,0.0289,0.0043,9.04E-11,-0.0205,0.0042,2.96E-06,-0.006277036,0.021761034,0.0312,0.0195,-0.01625,0.01256
41,rs6805251,3,121043296,C,T,0.6187,-0.012,0.0037,0.001857,-0.02,0.0035,1.33E-08,0.0011,0.0034,0.994,-0.004383264,0.017479946,0.0143,0.0157,0.01421,0.00931
42,rs17345563,3,133691893,A,G,0.8707,0.0358,0.0057,2.04E-09,-0.0143,0.0053,0.004617,0.015,0.0052,0.003902,0.003787971,0.025303466,0.0188,0.0244,0.01622,0.01417
43,rs687339,3,137415049,C,T,0.2335,-0.011,0.0045,0.009968,0.0316,0.0042,7.11E-13,-0.0291,0.004,2.51E-12,0.012603113,0.020068459,0.0201,0.0189,-0.03809,0.01124
44,rs1482852,3,158280988,A,G,0.6029,0.0029,0.0038,0.5748,-0.0209,0.0035,6.34E-08,0.013,0.0035,0.0003678,-0.010476321,0.017351658,-0.0139,0.0161,-0.01482,0.00976
45,rs10513688,3,172209912,A,G,0.1095,0.0222,0.0061,0.002176,-0.0049,0.0057,0.6082,0.0306,0.0056,1.54E-07,-0.016579477,0.027188768,0.0525,0.025,-0.01297,0.0151
46,rs6831256,4,3442937,A,G,0.591,-0.0188,0.0038,9.07E-07,0.0131,0.0036,0.002965,-0.0258,0.0035,1.60E-12,0.004285623,0.017268641,-0.0124,0.0157,-0.02764,0.00952
47,rs10019888,4,25672088,A,G,0.8364,-0.0182,0.005,0.0003232,0.027,0.0046,4.90E-08,-0.0228,0.0045,2.28E-06,-0.022450214,0.022951702,0.0022,0.0208,-0.00614,0.01333
48,rs442177,4,88249285,T,G,0.5528,0.0159,0.0037,6.09E-05,-0.0215,0.0034,2.19E-09,0.0309,0.0033,1.32E-18,-0.057987615,0.017075705,0.0026,0.0159,-0.00089,0.00929
49,rs10029254,4,88379164,C,T,0.7836,-0.0058,0.0044,0.2048,0.0085,0.0041,0.04868,-0.0266,0.0039,7.55E-09,0.029534741,0.020617581,0.0357,0.0185,-0.00628,0.01115
50,rs3822072,4,89960292,G,A,0.5119,-0.0074,0.0037,0.0371,0.0251,0.0034,4.06E-12,-0.0182,0.0034,5.74E-07,0.036949292,0.01698504,-0.0096,0.0157,-0.01904,0.00936
51,rs2602836,4,100233828,A,G,0.4274,-7.00E-04,0.0037,0.8305,0.0192,0.0034,4.96E-08,-0.009,0.0033,0.02119,0.036344293,0.017162108,-0.0242,0.0156,0.00098,0.00975
52,rs13107325,4,103407732,C,T,0.9222,0.0156,0.0083,0.0574,0.0708,0.0078,1.07E-15,-0.0309,0.0077,3.98E-05,0.009018778,0.031696492,-0.0509,0.0308,0.00667,0.02235
53,rs6450176,5,53333782,A,G,0.2784,0.0104,0.0042,0.01178,-0.0254,0.0039,6.88E-10,0.0191,0.0038,3.61E-07,-0.016009929,0.018942211,-0.0201,0.0176,0.02967,0.01019
54,rs9686661,5,55897543,C,T,0.8232,-0.0179,0.0048,0.0005286,0.0283,0.0044,1.37E-08,-0.0379,0.0044,2.54E-16,0.03164805,0.022254597,-0.0263,0.0205,-0.04198,0.0122
55,rs4976033,5,67750002,A,G,0.6201,0.001,0.004,0.8747,0.0215,0.0037,6.42E-08,-0.0141,0.0036,0.0002014,0.008723203,0.017492345,3.00E-04,0.0182,-0.01865,0.01029
56,rs7703051,5,74661243,A,C,0.4103,0.0727,0.0037,1.40E-77,0.002,0.0035,0.4209,0.0057,0.0034,0.1625,-0.044282769,0.017260256,0.0148,0.0165,0.03016,0.00952
57,rs4530754,5,122883315,A,G,0.5818,0.0275,0.0036,3.58E-12,8.00E-04,0.0034,0.9344,0.0015,0.0033,0.7421,-0.01645726,0.017212133,0.0216,0.0155,-0.03526,0.00945
58,rs6882076,5,156322875,C,T,0.6662,0.0456,0.0038,3.31E-31,0.0015,0.0035,0.6852,0.0286,0.0035,1.51E-15,-0.052604215,0.018003961,0.0084,0.0169,0.01394,0.00964
59,rs2294261,6,16217142,C,A,0.5132,-0.0333,0.0037,6.57E-17,0.0085,0.0035,0.02061,-0.0021,0.0034,0.5866,-0.001684587,0.01698615,0.0041,0.0158,0.00232,0.00965
60,rs1800562,6,26201120,A,G,0.0462,-0.0615,0.008,8.25E-14,-0.0074,0.0074,0.2424,0.013,0.0072,0.172,-0.071018522,0.040444913,-0.0171,0.0328,-0.04286,0.02379
61,rs2247056,6,31373469,C,T,0.7823,0.0248,0.0043,1.42E-08,0.0121,0.004,0.003792,0.0378,0.0039,3.86E-21,NA,0.020573002,-0.0055,0.0205,0.03633,0.01326
62,rs205262,6,34671142,G,A,0.2665,-0.0088,0.0041,0.03132,-0.0283,0.0039,3.88E-13,0.0028,0.0038,0.8033,-0.031129342,0.019202815,0.0069,0.0171,0.03408,0.01079
63,rs998584,6,43865874,C,A,0.4855,-5.00E-04,0.004,0.9359,0.026,0.0038,2.27E-11,-0.0293,0.0037,3.42E-15,-0.007332502,0.016987374,0.0292,0.0181,-0.04194,0.00989
64,rs17789218,6,100706818,C,T,0.2361,-0.0241,0.0043,3.26E-07,0.0041,0.004,0.1347,-0.0061,0.004,0.0665,0.022330339,0.019991589,-0.0027,0.0196,-0.00287,0.01223
65,rs868943,6,116444196,A,G,0.3945,-0.0264,0.0037,8.44E-11,-0.0075,0.0035,0.03549,-0.0137,0.0034,0.0003178,-0.019485009,0.017371326,0.0199,0.0157,0.01082,0.00983
66,rs9491696,6,127494332,C,G,0.5475,-0.0057,0.0037,0.2641,0.0203,0.0034,5.21E-10,-0.0179,0.0034,4.87E-07,0.048348828,0.017057375,-0.0154,0.0156,-0.01319,0.00915
67,rs634869,6,139873450,C,T,0.562,-0.0127,0.0037,0.0008373,0.0234,0.0034,1.00E-10,-0.0272,0.0033,1.78E-14,0.01576208,0.017112298,0.0018,0.0158,-0.00728,0.00951
68,rs12525163,6,152081984,C,T,0.2652,-0.0043,0.004,0.2557,0.0215,0.0037,1.52E-07,-0.0086,0.0037,0.03704,-0.018389294,0.019232787,-0.0214,0.018,0.02681,0.0107
69,rs2297374,6,160495975,C,T,0.6148,0.0325,0.0038,1.26E-15,-0.0056,0.0035,0.2176,0.0091,0.0034,0.004743,-0.025553782,0.017446306,0.0136,0.0163,0.03752,0.0095
70,rs1564348,6,160498850,T,C,0.8549,-0.0481,0.005,2.76E-21,0.0077,0.0046,0.1683,-0.0164,0.0045,0.0004905,0.025933958,0.024105836,-0.0074,0.0219,-0.02958,0.01294
71,rs702485,7,6415797,A,G,0.5501,-0.001,0.0037,0.7866,-0.0243,0.0034,6.45E-12,0.0016,0.0033,0.4754,-0.040995,0.017066118,0.0486,0.0156,0.01212,0.00951
72,rs17286602,7,16118699,A,T,0.409,-0.0032,0.0037,0.4239,0.021,0.0034,2.93E-07,-0.006,0.0033,0.1619,-0.011838432,0.017268641,0.0065,0.0156,0.00368,0.00931
73,rs10282707,7,17877563,C,T,0.6029,0.0084,0.0038,0.04225,0.025,0.0035,1.03E-11,-0.0092,0.0034,0.006518,0.0266903,0.017351658,0.0112,0.0157,0.0141,0.00933
74,rs12670798,7,21573877,C,T,0.2243,0.0344,0.0043,4.81E-14,-0.0014,0.004,0.7327,0.0101,0.0039,0.01678,-0.001583221,0.020354106,0.0086,0.019,0.01428,0.01075
75,rs4722551,7,25958351,C,T,0.1702,0.0391,0.0049,3.95E-14,0.0101,0.0045,0.02472,-0.0267,0.0044,1.58E-09,0.041051469,0.022591604,-0.0221,0.0216,0.00787,0.01348
76,rs2073547,7,44548856,G,A,0.1939,0.0485,0.0049,1.92E-21,-0.0049,0.0045,0.3099,0.0148,0.0044,0.003393,-0.021400012,0.021474852,-0.0247,0.0211,0.02065,0.01198
77,rs217386,7,44567220,G,A,0.5923,0.0363,0.0038,1.20E-19,-0.0013,0.0035,0.4993,0.0101,0.0034,0.006348,-0.030719194,0.017277159,-0.0047,0.0161,0.02154,0.00984
78,rs4917014,7,50276409,G,T,0.3404,0.0047,0.0039,0.2462,0.0222,0.0036,1.03E-08,-0.0012,0.0035,0.8869,-0.009525045,0.017917543,0.037,0.0168,-0.0268,0.00997
79,rs17145738,7,72620810,C,T,0.8826,-0.0039,0.0057,0.5431,-0.0408,0.0053,4.95E-13,0.1149,0.0053,9.42E-99,-0.03787516,0.026375308,-0.0255,0.0243,-0.00782,0.01456
80,rs799160,7,72697942,T,C,0.5211,0.0045,0.0039,0.2861,-0.0133,0.0037,0.0002935,0.0398,0.0036,5.46E-30,-0.028931139,0.016995369,-0.0253,0.0166,-0.00542,0.01028
81,rs38855,7,116145280,A,G,0.5264,0.001,0.0036,0.9734,-0.0146,0.0034,9.05E-05,0.0187,0.0033,2.11E-08,0.034645537,0.017003948,-0.0048,0.0154,0.00327,0.0092
82,rs3996352,7,130095474,A,G,0.5422,0.0053,0.0037,0.1205,-0.0296,0.0034,3.59E-17,0.0179,0.0033,5.88E-08,0.007520109,0.017041032,-7.00E-04,0.0159,0.01916,0.00932
83,rs17173637,7,150160382,C,T,0.0976,0.0069,0.0062,0.3811,-0.0363,0.0057,1.90E-08,0.0211,0.0056,0.001039,-0.051890965,0.028608106,0.0143,0.0283,0.00937,0.01702
84,rs4240624,8,9221641,A,G,0.9248,0.0672,0.0063,2.62E-23,0.0818,0.0058,1.32E-45,-0.0278,0.0057,1.09E-06,0.009412843,0.032194429,-0.013,0.0279,0.00036,0.016
85,rs9693857,8,9304527,C,T,0.5462,0.0046,0.0037,0.298,0.0037,0.0035,0.5265,-0.0202,0.0034,1.69E-08,0.029514449,0.017053183,-0.0285,0.0162,0.00664,0.00981
86,rs4332136,8,15844224,NA,NA,NA,NA,NA,NA,NA,NA,NA,NA,NA,NA,NA,NA,NA,NA,0.02228,0.02558
87,rs4921914,8,18316718,C,T,0.248,0.0229,0.0044,1.92E-07,0.0019,0.0041,0.3937,0.0353,0.004,4.87E-17,-0.012527052,0.019659786,-0.0025,0.0192,0.03014,0.01098
88,rs12678919,8,19888502,A,G,0.8786,0.008,0.0061,0.5045,-0.1554,0.0057,1.38E-149,0.1702,0.0056,1.82E-199,-0.00336525,0.025996125,-0.0105,0.0251,0.05177,0.01615
89,rs894210,8,19910123,G,A,0.4354,0.0071,0.0037,0.1216,-0.0689,0.0034,1.68E-84,0.0671,0.0033,2.94E-89,0.008563701,0.017123751,0.0031,0.0157,0.03371,0.00961
90,rs10102164,8,55584167,A,G,0.1741,0.0316,0.0045,3.74E-11,-5.00E-04,0.0042,0.7971,0.0113,0.0041,0.006865,0.02485264,0.022389811,0.0135,0.02,0.02958,0.0114
91,rs2326077,8,59548473,T,C,0.6478,-0.0341,0.0038,5.00E-17,-0.0043,0.0035,0.2183,-0.018,0.0034,5.35E-07,-0.016270195,0.017774541,-0.0038,0.0163,0.00096,0.00976
92,rs2293889,8,116668374,G,T,0.5871,-0.0147,0.0038,0.0002423,0.0312,0.0035,4.27E-17,-0.0062,0.0034,0.1514,0.010153081,0.017243883,0.0305,0.0164,-0.00697,0.00956
93,rs2737252,8,116733072,A,G,0.2559,-0.0314,0.0041,7.04E-14,-0.0126,0.0038,0.003941,-0.0092,0.0037,0.01065,0.011253419,0.019456412,0.0331,0.0174,0.0118,0.0105
94,rs4871137,8,121937732,G,T,0.3536,0.0043,0.0039,0.2361,0.0209,0.0037,1.93E-07,0.0013,0.0036,0.6555,-0.000868369,0.017758519,-0.0145,0.017,0.01117,0.00988
95,rs2980885,8,126543488,G,A,0.2177,0.0313,0.0045,6.26E-11,-0.0354,0.0042,1.73E-14,0.0578,0.0041,3.00E-40,0.011838339,0.020573002,-0.0228,0.0184,0.03043,0.01179
96,rs2954022,8,126551803,A,C,0.4697,-0.0546,0.0036,2.39E-47,0.0399,0.0034,2.12E-29,-0.078,0.0033,2.23E-113,0.027656664,0.017011494,-0.0178,0.0155,-0.04287,0.0093
97,rs4075205,8,144356084,T,C,0.5488,-0.0119,0.0038,0.0008213,0.0224,0.0035,3.54E-09,-0.009,0.0034,0.05157,0.006574217,0.017061686,0.011,0.0162,0.0223,0.01
98,rs7832643,8,145094645,G,T,0.595,-0.0339,0.0038,2.67E-17,0.001,0.0035,0.5948,-0.0017,0.0034,0.4717,0.041468264,0.017295278,-0.019,0.0177,0.00055,0.01001
99,rs3780181,9,2630759,A,G,0.9472,0.0445,0.0074,1.76E-09,0.0038,0.0068,0.5416,-0.0069,0.0066,0.491,0.050784216,0.037964331,0.0707,0.0306,0.00817,0.01826
100,rs686030,9,15294782,A,C,0.8588,0.0085,0.0052,0.2363,0.055,0.0049,4.29E-27,0.025,0.0048,2.23E-07,0.072687568,0.024380926,0.0126,0.022,-0.02199,0.01435
101,rs7033354,9,16894846,C,T,0.3536,0.0189,0.0038,1.42E-06,-0.0154,0.0035,6.54E-05,0.019,0.0034,4.44E-07,-0.010641957,0.017758519,0.0213,0.0167,0.00899,0.00955
102,rs1883025,9,106704122,T,C,0.2427,-0.0296,0.0044,6.14E-11,-0.0698,0.0041,1.50E-65,-0.0219,0.004,2.91E-07,-0.10397141,0.019803625,0.0705,0.0182,-0.02589,0.01046
103,rs2472509,9,106724051,T,G,0.6385,-4.00E-04,0.0039,0.7076,-0.0227,0.0037,1.21E-09,0.0024,0.0036,0.7222,-0.017793029,0.017671725,-0.014,0.0166,0.00484,0.00986
104,rs8176720,9,135122694,T,C,0.6636,0.0332,0.0038,1.59E-17,5.00E-04,0.0036,0.9431,-0.0073,0.0035,0.06094,0.040733642,0.01796935,-0.0019,0.0163,0.02744,0.00947
105,rs579459,9,135143989,C,T,0.215,0.0665,0.0045,2.42E-44,0.0145,0.0042,0.001679,-0.0137,0.0041,0.001083,0.024026046,0.020666146,-4.00E-04,0.0193,0.07296,0.01132
106,rs1781930,10,5186273,A,G,0.157,-0.0102,0.0048,0.05702,-0.0018,0.0045,0.625,-0.0314,0.0043,2.51E-11,0.047904806,0.023337264,-0.0151,0.0207,-0.00028,0.01268
107,rs970548,10,45333283,A,C,0.723,-0.0157,0.0042,0.0006647,-0.0258,0.0039,1.71E-10,-0.0025,0.0038,0.4594,-0.022772758,0.018971625,-0.005,0.0178,-0.00478,0.01088
108,rs7897379,10,64971731,C,T,0.4683,0.0104,0.0037,0.004067,0.0194,0.0034,1.31E-08,-0.0274,0.0033,1.27E-17,-0.015802791,0.017014459,-0.0118,0.0159,0.01169,0.00917
109,rs2068888,10,94829632,A,G,0.4908,-0.0166,0.0038,3.89E-05,0.0193,0.0035,2.15E-06,-0.0241,0.0034,1.68E-11,0.032750955,0.016983104,-0.0209,0.0162,-0.03909,0.00969
110,rs2255141,10,113923876,A,G,0.3193,0.0299,0.004,1.32E-13,0.0337,0.0037,2.35E-17,-0.0209,0.0036,1.70E-09,0.023921067,0.018211102,0.0129,0.0168,0.01028,0.01038
111,rs2923084,11,10345358,A,G,0.847,-0.0121,0.0049,0.01837,0.0256,0.0045,5.02E-08,-0.0119,0.0044,0.005972,0.050723087,0.023584471,0.0321,0.02,0.00976,0.0121
112,rs2303975,11,14233575,A,G,0.1425,-0.0013,0.0053,0.9348,0.0279,0.0049,1.59E-07,-0.0115,0.0048,0.02677,0.007291996,0.024287849,-0.0395,0.0245,0.02134,0.01391
113,rs10832962,11,18612847,C,T,0.281,-0.032,0.004,6.62E-14,-0.0043,0.0038,0.3328,-0.0109,0.0037,0.005181,0.013340949,0.018888434,6.00E-04,0.0183,-0.01813,0.01015
114,rs326214,11,47254936,A,G,0.686,0.0071,0.0047,0.2044,-0.0609,0.0045,2.17E-36,0.0235,0.0042,3.79E-07,0.015559811,0.018293073,-9.00E-04,0.0171,-0.00562,0.00971
115,rs17788930,11,47709351,A,G,0.6425,0.0046,0.0038,0.2177,0.0359,0.0036,1.53E-22,-0.0112,0.0035,0.002804,-0.01468893,0.017714911,0.0698,0.0164,0.00871,0.00985
116,rs11246602,11,51368666,C,T,0.1332,0.0019,0.0056,0.5259,0.034,0.0052,1.68E-10,-0.0091,0.0052,0.1924,-0.023158767,0.024986302,0.0333,0.0256,-0.00775,0.0142
117,rs12226802,11,55080884,A,G,0.8681,-2.00E-04,0.0053,0.6187,-0.0331,0.0049,1.29E-09,0.0067,0.005,0.2301,0.02179648,0.025090324,-0.0327,0.0252,0.00821,0.0139
118,rs174532,11,61305450,A,G,0.2929,0.0353,0.0042,3.13E-16,0.0212,0.0039,6.93E-08,-0.0159,0.0038,3.44E-05,0.052513228,0.018655782,0.0222,0.0171,0.01302,0.01212
119,rs1535,11,61354548,A,G,0.6372,0.0529,0.0038,7.77E-41,0.0391,0.0036,5.74E-27,-0.0463,0.0035,5.49E-40,0.055890386,0.017658021,0.0115,0.0163,0.0234,0.01009
120,rs12801636,11,65147893,A,G,0.2243,0.0078,0.0045,0.1447,0.0235,0.0042,3.15E-08,-0.0177,0.004,1.35E-05,0.022498785,0.020354106,-0.0118,0.0185,-0.04993,0.01096
121,rs499974,11,75132669,C,A,0.8245,-0.0012,0.0047,0.8261,0.0263,0.0044,1.12E-08,0.009,0.0042,0.05411,-0.025566818,0.022319253,-0.0108,0.0212,-0.00943,0.01212
122,rs10790162,11,116144314,A,G,0.091,0.076,0.0072,1.09E-23,-0.0951,0.0067,9.91E-40,0.2305,0.0065,1.10E-249,0.041777174,0.02951963,0.0456,0.0302,0.04305,0.01514
123,rs603446,11,116159645,C,T,0.5528,0.0092,0.0037,0.0114,-0.0018,0.0035,0.8725,0.0502,0.0034,3.92E-43,0.005915981,0.017075705,0.0315,0.0158,0.01499,0.00973
124,rs7117842,11,122039714,C,T,0.3892,0.0192,0.0038,7.56E-07,0.0272,0.0035,1.06E-14,-0.002,0.0034,0.5432,-0.014531261,0.017413161,0.035,0.0161,0.01884,0.00962
125,rs11220462,11,125749162,A,G,0.1425,0.059,0.0059,6.61E-21,-0.0162,0.0056,0.00875,0.0189,0.0054,0.001315,-0.027880601,0.024287849,0.0183,0.0225,0.0361,0.01282
126,rs11045163,12,20354793,A,G,0.5937,0.0055,0.0037,0.1632,-0.0217,0.0035,3.20E-09,0.0097,0.0034,0.002851,0.014672536,0.017286482,-0.0021,0.0162,0.0051,0.00953
127,rs3741414,12,56130316,T,C,0.1913,-0.0159,0.0043,0.0003409,0.0296,0.004,6.10E-14,-0.028,0.0039,1.44E-13,-0.025579784,0.021585512,0.0093,0.0193,-0.01213,0.01216
128,rs10861661,12,105698776,A,C,0.7625,-4.00E-04,0.0045,0.9286,0.022,0.0042,5.05E-07,-0.0227,0.0041,2.60E-07,-0.004591056,0.019950869,-0.0389,0.0182,-0.0011,0.01067
129,rs2241210,12,108434527,G,A,0.5528,0.0078,0.0037,0.08548,0.0332,0.0035,2.49E-20,0.0029,0.0033,0.2466,0.010361117,0.017075705,0.021,0.0153,0.00529,0.00922
130,rs653178,12,110492139,T,C,0.5317,0.0227,0.0038,3.88E-09,0.0263,0.0035,1.06E-12,-0.0099,0.0034,0.02877,-0.063752273,0.017014459,0.0266,0.016,-0.06443,0.01037
131,rs6489818,12,110794963,A,G,0.1609,0.0281,0.0048,4.57E-09,-4.00E-04,0.0045,0.9281,-0.0036,0.0043,0.5401,-0.075409797,0.023106208,0.0173,0.0205,-0.03682,0.01156
132,rs1186380,12,119860799,C,T,0.7665,0.0244,0.0043,8.46E-08,2.00E-04,0.004,0.8686,-0.0026,0.0039,0.5207,-0.016569618,0.020068459,-0.0362,0.0187,0.01884,0.01069
133,rs1169288,12,119901033,C,A,0.3338,0.0375,0.004,6.45E-21,0.0096,0.0037,0.009127,0.0025,0.0036,0.4202,-0.017941217,0.018003961,-0.0167,0.0169,0.04691,0.00987
134,rs838876,12,123825841,A,G,0.3259,-0.003,0.0042,0.4417,0.0493,0.0039,7.33E-33,-0.0052,0.0037,0.3767,-0.019938977,0.018113785,0.0028,0.0174,-0.0276,0.01037
135,rs10773105,12,123849719,C,T,0.4828,-0.0058,0.0037,0.1217,0.0363,0.0035,3.20E-24,-0.0037,0.0034,0.509,-0.012219901,0.016990285,0.0021,0.0166,-0.00915,0.00944
136,rs4942486,13,31851388,C,T,0.5383,-0.0243,0.0037,2.26E-11,0.0136,0.0034,0.000116,-0.0071,0.0033,0.02379,-0.005990981,0.017030266,-0.0131,0.0159,-0.0211,0.00912
137,rs1341267,13,94082981,C,A,0.4222,-0.0016,0.0037,0.8869,-0.0023,0.0034,0.8591,0.0184,0.0033,8.30E-07,-0.009537579,0.017189596,0.0091,0.0157,-0.00645,0.00935
138,rs8017377,14,23953727,A,G,0.4591,0.0303,0.0038,2.52E-15,-0.0037,0.0036,0.4343,0.0056,0.0035,0.1417,-0.013680228,0.017037325,-0.0092,0.016,0.00753,0.01018
139,rs4983559,14,104348254,A,G,0.6227,-0.0026,0.0038,0.5827,-0.0197,0.0036,9.57E-09,1.00E-04,0.0035,0.9709,0.006115108,0.01751583,0.0256,0.0173,0.01396,0.01018
140,rs2412710,15,40471079,A,G,0.0224,-0.0024,0.0148,0.6397,-0.084,0.0139,1.36E-09,0.0988,0.0132,1.66E-11,-0.039422909,0.057373183,-0.0276,0.058,0.02759,0.03609
141,rs492571,15,41998565,C,T,0.0422,-0.0033,0.0097,0.472,-0.0663,0.009,1.27E-12,0.0799,0.0088,6.74E-17,-0.041995843,0.042229886,-0.027,0.0359,-0.00432,0.02211
142,rs1532085,15,56470658,A,G,0.3668,0.0026,0.0037,0.6473,0.1068,0.0035,1.24E-188,0.031,0.0034,2.32E-18,-0.122704462,0.017616857,-0.039,0.016,0.01812,0.00935
143,rs261342,15,56518445,G,C,0.2667,-0.0026,0.0065,0.7361,0.1069,0.006,1.47E-68,0.0448,0.0059,2.53E-12,-0.116997468,0.019198231,-0.0074,0.0193,0.03066,0.01078
144,rs2652834,15,61183920,G,A,0.7652,-0.0019,0.0046,0.7322,0.0285,0.0043,3.59E-11,-0.0247,0.0042,1.92E-08,0.015231195,0.020029819,0.0449,0.0192,-0.00616,0.01173
145,rs1035744,15,70353669,T,C,0.7454,0.0069,0.0041,0.1581,-0.0055,0.0038,0.1548,0.0207,0.0038,1.45E-07,-0.023194216,0.019489005,0.0196,0.0188,0.00938,0.01024
146,rs3198697,16,15037441,C,T,0.6174,-0.0096,0.0037,0.006863,-0.0163,0.0035,3.28E-05,0.0198,0.0034,2.21E-08,-0.007086127,0.017468586,0.0152,0.0164,0.02163,0.01008
147,rs749671,16,30995848,G,A,0.6055,0.0152,0.0037,0.0001046,-0.0071,0.0035,0.09566,0.0211,0.0034,6.11E-10,-0.010150543,0.017371326,-0.0331,0.0161,0.01035,0.01014
148,rs9930333,16,52357478,G,T,0.4485,-2.00E-04,0.0041,0.7183,-0.0199,0.0037,2.07E-08,0.0208,0.0037,3.25E-08,-0.029836604,0.017071024,-0.0017,0.0164,0.02358,0.00941
149,rs9989419,16,55542640,A,G,0.405,0.0277,0.0039,2.49E-12,-0.1473,0.0036,0,0.0243,0.0035,1.05E-11,-0.108683291,0.017295278,-0.0077,0.0158,0.0088,0.00954
150,rs5880,16,55572592,C,G,0.0594,0.047,0.0096,1.59E-06,-0.3071,0.009,1.37E-233,0.0475,0.0085,4.71E-08,-0.144219191,0.035918471,-0.0273,0.0425,0.00728,0.02242
151,rs16942887,16,66485543,A,G,0.1332,0.0011,0.0054,0.798,0.0831,0.0051,8.28E-54,-0.0115,0.005,0.02959,0.031950178,0.024986302,0.0046,0.0237,0.01337,0.01355
152,rs2288002,16,70614783,G,A,0.5792,0.0285,0.0038,1.26E-12,0.0069,0.0035,0.1211,0.0089,0.0034,0.001685,0.004983099,0.017197345,-0.0335,0.0159,0.0195,0.0095
153,rs2000999,16,70665594,A,G,0.1847,0.065,0.0046,4.22E-41,0.0023,0.0043,0.9521,0.0185,0.0042,7.49E-07,-0.028226707,0.021878694,-0.0082,0.0195,0.03709,0.01096
154,rs2925979,16,80092291,T,C,0.2955,-0.0031,0.004,0.6297,-0.0351,0.0037,1.32E-19,0.0205,0.0036,2.14E-07,0.031518162,0.018607769,0.0063,0.0175,0.01641,0.01033
155,rs314253,17,7032374,T,C,0.6649,0.0242,0.0038,3.44E-10,-0.003,0.0035,0.3534,0.0086,0.0034,0.0298,-0.009953489,0.017986563,-0.0244,0.0166,0.01246,0.0099
156,rs4791641,17,8101874,C,T,0.4565,0.0202,0.0037,1.31E-07,0.0041,0.0034,0.09514,-0.0028,0.0033,0.459,0.017556567,0.017044858,-0.0285,0.0156,0.01535,0.00945
157,rs931992,17,35074961,T,G,0.6755,0.0055,0.0039,0.2772,0.034,0.0036,5.45E-20,-0.0083,0.0035,0.03373,0.028819772,0.018133996,0.0158,0.0163,-0.01797,0.00983
158,rs8077889,17,39233692,A,C,0.7559,-5.00E-04,0.0046,0.9151,0.0205,0.0043,1.50E-06,-0.0252,0.0042,9.88E-09,0.028039734,0.019765031,0.0301,0.0196,-0.00121,0.01186
159,rs7225700,17,42746803,C,T,0.6728,0.0297,0.0038,3.56E-13,0.0098,0.0035,0.02346,-0.0046,0.0035,0.2359,0.020001886,0.018095222,-0.0434,0.0162,0.0216,0.00959
160,rs4148005,17,64394061,T,G,0.7005,-0.015,0.0039,0.0001491,0.0283,0.0036,5.74E-14,-0.0066,0.0035,0.04373,0.026487915,0.018535789,0.009,0.0168,-0.02851,0.00988
161,rs4969178,17,73899797,A,G,0.3734,-0.011,0.0037,0.008198,-0.0263,0.0035,1.53E-12,0.0175,0.0034,5.70E-06,-0.012005005,0.017552186,-0.0152,0.0159,0.00517,0.00957
162,rs4939883,18,45421212,C,T,0.8193,0.0211,0.0048,1.47E-05,0.0799,0.0045,1.80E-66,0.0052,0.0043,0.3813,0.008621543,0.022065461,-0.0096,0.0217,-0.02504,0.01227
163,rs11660468,18,45463141,C,T,0.6029,-0.0111,0.0037,0.003406,-0.0391,0.0034,3.60E-27,8.00E-04,0.0034,0.8796,-0.003126671,0.017351658,0.0071,0.0163,-0.02512,0.00959
164,rs952044,18,55949090,C,T,0.6583,0.0033,0.0039,0.5789,0.0231,0.0037,1.19E-08,-0.0101,0.0036,0.002452,0.018785158,0.017901076,0.0256,0.0165,-0.04316,0.00984
165,rs2278236,19,8337581,G,A,0.4565,-0.0067,0.0038,0.1268,-0.0331,0.0035,3.19E-18,0.0141,0.0034,0.0001518,0.009732605,0.017044858,0.0289,0.0162,0.02361,0.00978
166,rs6511720,19,11063306,G,T,0.9024,0.2209,0.0061,3.85E-262,-0.0249,0.0057,6.32E-05,0.0084,0.0056,0.1043,-0.013660616,0.028608106,0.0095,0.026,0.1253,0.01694
167,rs688,19,11088602,C,T,0.5528,-0.054,0.0037,1.01E-43,0.0106,0.0034,0.001549,-0.0041,0.0034,0.2183,-0.03384088,0.017075705,-0.0021,0.0165,-0.03658,0.00951
168,rs10401969,19,19268718,C,T,0.0712,-0.1184,0.0072,2.65E-54,0.0128,0.0068,0.1022,-0.121,0.0065,9.70E-70,0.012810569,0.033015088,-0.0163,0.0346,-0.05078,0.01719
169,rs731839,19,38590905,G,A,0.3417,-0.0018,0.004,0.5171,-0.022,0.0037,3.44E-09,0.0224,0.0036,2.65E-09,-0.029019117,0.017901076,0.0102,0.0168,0.02762,0.00968
170,rs1688030,19,40248584,T,C,0.0567,-0.0163,0.0076,0.03732,-0.0085,0.007,0.2461,-0.0378,0.0068,1.99E-07,0.014592592,0.036711075,-0.0179,0.0347,0.01424,0.01556
171,rs6859,19,50073874,A,G,0.442,0.0835,0.0039,4.65E-88,-0.0176,0.0036,7.73E-06,0.0141,0.0035,8.10E-05,-0.076508306,0.017095638,0.334,0.016,0.02645,0.01028
172,rs7254892,19,50081436,A,G,0.0317,-0.4853,0.0119,0,0.0528,0.0113,4.17E-05,0.1235,0.0106,1.40E-24,0.063366934,0.048459503,-0.25,0.0569,-0.07823,0.02979
173,rs492602,19,53898229,G,A,0.4301,0.0293,0.0039,9.42E-14,-0.0032,0.0036,0.4269,0.0139,0.0035,0.0002475,0.060629039,0.017148633,0.0249,0.0162,0.00617,0.00991
174,rs17695224,19,57016028,A,G,0.2388,-0.0107,0.0042,0.01249,-0.029,0.0039,2.42E-13,0.0118,0.0038,0.01125,0.006740352,0.019913473,-0.0019,0.0174,-0.00409,0.01059
175,rs103294,19,59489660,C,T,0.814,-0.0073,0.0047,0.1225,-0.0523,0.0044,4.00E-30,0.0021,0.0042,0.7521,-0.08745553,0.021819504,-0.0225,0.0208,0.0082,0.01195
176,rs364585,20,12910718,A,G,0.3668,-0.0249,0.0038,4.28E-10,-5.00E-04,0.0035,0.8218,0.0018,0.0034,0.4397,0.005474223,0.017616857,0.0137,0.0158,-0.00681,0.00958
177,rs2328223,20,17793921,A,C,0.7507,-0.0299,0.005,5.63E-09,4.00E-04,0.0046,0.8594,0.0066,0.0045,0.1154,-0.028745569,0.019625431,-0.0428,0.0198,-0.01253,0.01151
178,rs7264396,20,33618155,C,T,0.781,0.0246,0.0045,4.41E-08,0.0054,0.0042,0.06022,0.0108,0.0041,0.002583,-0.029336121,0.020528914,-6.00E-04,0.0188,0.00806,0.01044
179,rs6016381,20,38613850,C,T,0.3602,-0.0363,0.0038,6.85E-20,0.0084,0.0035,0.06082,-0.0144,0.0034,1.99E-05,0.006363198,0.017685591,-0.0095,0.0165,-0.02429,0.00946
180,rs6065311,20,39157752,C,T,0.4604,0.0417,0.0036,1.66E-30,0.0024,0.0034,0.4371,0.0061,0.0033,0.02265,0.007990482,0.017033737,0.0045,0.0159,0.02102,0.00942
181,rs1800961,20,42475778,C,T,0.9657,0.0685,0.0106,6.03E-10,0.127,0.0099,1.64E-34,0.0017,0.0094,0.702,-0.007397638,0.046649327,-0.0596,0.0467,0.02805,0.02828
182,rs4465830,20,44018827,A,G,0.7982,-0.009,0.0047,0.05993,0.0597,0.0044,5.18E-40,-0.0534,0.0043,2.98E-34,0.087128107,0.021154225,-0.0066,0.0198,0.02603,0.01232
183,rs181362,22,20262068,T,C,0.1992,-0.0076,0.0045,0.0748,-0.0379,0.0042,4.30E-18,-0.0095,0.0041,0.02378,-0.028698332,0.021257239,0.0713,0.0197,-0.00463,0.0107
184,rs5763662,22,28708703,C,T,0.9749,-0.0767,0.0121,1.19E-08,-0.0333,0.0112,0.006368,1.00E-04,0.0112,0.8875,0.024251356,0.054274603,-0.0183,0.0508,-0.03238,0.01894
185,rs3761445,22,36925357,A,G,0.6148,0.0081,0.0037,0.03988,-0.0158,0.0035,3.94E-06,0.0232,0.0034,8.06E-12,0.022864764,0.017446306,0.003,0.0156,-0.00316,0.00939
